id,title,description,image_url,trailer_url,start_to_end_time,rating,release_at,created_at,updated_at
1,Pathaan,"An Indian agent races against a doomsday clock as a ruthless mercenary, with a bitter vendetta, mounts an apocalyptic attack against the country.",,,04:00:00,,2023,,
2,Dangal,Former wrestler Mahavir Singh Phogat and his two wrestler daughters struggle towards glory at the Commonwealth Games in the face of societal oppression.,,,04:00:00,,2016,,
3,Sanju,"Biopic of the controversial life of actor Sanjay Dutt: his film career, jail sentence, and personal life.",,,04:00:00,,2018,,
4,PK,An alien on Earth loses the only device he can use to communicate with his spaceship. His innocent nature and child-like questions force the country to evaluate the impact of there religious views on there people.,,,04:00:00,,2014,,
5,Tiger Zinda Hai,"Inspired by real events, Tiger Zinda Hai is a sequel to the blockbuster Ek Tha Tiger, and an espionage action drama that follows a daring rescue mission in Iraq.",,,04:00:00,,2017,,
6,Bajrangi Bhaijaan,An Indian man with a magnanimous heart takes a young mute Pakistani girl back to her homeland to reunite her with her family.,,,04:00:00,,2015,,
7,War,"Indian agent Khalid goes on a mission to hunt and eliminate his former mentor, the country's top agent Kabir who has gone rogue. A deadly war begins.",,,04:00:00,,2019,,
8,Padmaavat,"Set in medieval Rajasthan, Queen Padmavati is married to a noble king and they live in a prosperous fortress with their subjects until an ambitious Sultan hears of Padmavati's beauty and forms an obsessive love for the Queen of Mewar.",,,04:00:00,,2018,,
9,Sultan,"Sultan is a classic underdog tale about a wrestler's journey, looking for a comeback by defeating all odds.",,,04:00:00,,2016,,
10,Kabir Singh,"An exalted but short-fused surgeon plunges into a spiral of drugs, alcohol and rage after his intense relationship with his girlfriend turbulently ends.",,,04:00:00,,2019,,
11,Tanhaji: The Unsung Warrior,"Tanhaji Malusare, a military chieftain in the army of the Maratha king Shivaji, leads the charge to capture the strategically important Kondhana fort guarded by the army of the fierce Rajput chieftain Udaybhan Rathod.",,,04:00:00,,2020,,
12,The Kashmir Files,"A heart-wrenching tale that captures the pain, suffering, and struggle of the Kashmiri Pandit community in 1990 and leads Krishna, a young college student, to set out on a quest to uncover the truth.",,,04:00:00,,2022,,
13,Brahmastra Part One: Shiva,"A DJ with superpowers and his ladylove embark on a mission to protect the Brahmastra, a weapon of enormous energy, from dark forces closing in on them.",,,04:00:00,,2022,,
14,Simmba,"Simmba, a Corrupt Officer, enjoys all the perks of being an immoral and unethical police officer until a life-changing event forces him to choose the righteous path.",,,04:00:00,,2018,,
15,Drishyam 2,A gripping tale of an investigation and a family which is threatened by it. Will Vijay Salgaonkar be able to protect his family this time?,,,04:00:00,,2022,,
16,Kick,"An adrenaline junkie walks away from a whirlwind romance and embraces a new life as a thief, though he soon finds himself pursued by veteran police officer and engaged in a turf war with a local gangster.",,,04:00:00,,2014,,
17,Krrish 3,"Krrish and his scientist father must save the world and their own family from an evil man named Kaal and his gang of mutants, led by the ruthless Kaya.",,,04:00:00,,2013,,
18,Chennai Express,A man travelling to Rameshwaram via Chennai express in order to immerse his late grandfather's ashes finds himself in trouble after helping a don's daughter and her cousins board the train.,,,04:00:00,,2013,,
19,Bharat,"At the cusp of India's birth as an Independent nation, a family makes an arduous journey to freedom at a cost. A young boy Bharat, makes a promise to his Father that he will keep his family together no matter what.",,,04:00:00,,2019,,
20,Housefull 4,"Three couples who get separated from each other due to an evil ploy, reincarnate after 600 years and meet each other as history repeats itself again and their respective partners get mixed up this time.",,,04:00:00,,2019,,
21,Prem Ratan Dhan Payo,"While recovering from an assassination attempt four days before his coronation, a stern prince is replaced by a romantic lookalike.",,,04:00:00,,2015,,
22,Golmaal Again,The gang encounters with some spiritual bodies and finds out the truth about the Jamnadas Orphanage where they were brought up.,,,04:00:00,,2017,,
23,Good Newwz,Two couples with the same surname pursue in-vitro fertilization and wait for their upcoming babies. Trouble ensues when they find that the sperms of each couple have been mixed with each other.,,,04:00:00,,2019,,
24,Mission Mangal,"Based on true events of the Indian Space Research Organisation (ISRO) successfully launching the Mars Orbiter Mission (Mangalyaan), making it the least expensive mission to Mars.",,,04:00:00,,2019,,
25,3 Idiots,"Two friends are searching for their long lost companion. They revisit their college days and recall the memories of their friend who inspired them to think differently, even as the rest of the world called them ""idiots"".",,,04:00:00,,2009,,
26,Happy New Year,A gang of amateur dancers takes part in a dancing competition to avenge their personal vendetta.,,,04:00:00,,2014,,
27,Ek Tha Tiger,India's top spy Tiger and his love Zoya battle the dark world of intelligence and espionage that forbids its soldiers from loving the enemy.,,,04:00:00,,2012,,
28,Sooryavanshi,"DCP Veer Sooryavanshi, the chief of the Anti-Terrorism Squad in India, tries to bring down a terrorist organization with which he has a history.",,,04:00:00,,2021,,
29,Yeh Jawaani Hai Deewani,"Kabir and Naina bond during a trekking trip. Before Naina can express herself, Kabir leaves India to pursue his career. They meet again years later, but he still cherishes his dreams more than bonds.",,,04:00:00,,2013,,
30,Bhool Bhulaiyaa 2,"When strangers Reet and Ruhan cross paths, their journey leads to an abandoned mansion and a dreaded spirit that has been trapped for 18 years.",,,04:00:00,,2022,,
31,Bajirao Mastani,"An account of the romance between the Maratha general, Baji Rao I and Mastani, princess of Bundelkhand.",,,04:00:00,,2015,,
32,Baaghi 2,"A battle-hardened army officer squares off against drug lords and Russian henchmen to save his ex-lover's kidnapped daughter in the underbelly of Goa, India.",,,04:00:00,,2018,,
33,Raees,A bootlegger sets out to improve his community as a promising leader but falls in a political trap.,,,04:00:00,,2017,,
34,Kesari,"Based on an incredible true story of the Battle of Saragarhi in which an army of 21 Sikhs fought against 10,000 Afghans in 1897.",,,04:00:00,,2019,,
35,Total Dhamaal,A group of people learn about a hidden treasure and then they race to find it and claim it.,,,04:00:00,,2019,,
36,Dabangg 2,Chulbul Pandey invites a fresh trouble when he kills the brother of a notorious politician and the former swears to wreak havoc in his life.,,,04:00:00,,2012,,
37,Chhichhore,"A tragic incident forces Anirudh, a middle-aged man, to take a trip down memory lane and reminisce his college days along with his friends, who were labelled as losers.",,,04:00:00,,2019,,
38,Tanu Weds Manu Returns,Tanu and Manu's marriage collapses. What happens when Manu meets Tanu's lookalike Kusum - and when Tanu returns?,,,04:00:00,,2015,,
39,Bodyguard,The daughter of a wealthy nobleman secretly falls in love with her bodyguard.,,,04:00:00,,2011,,
40,Super 30,Based on the life of Patna-based mathematician Anand Kumar who runs the famed Super 30 program for IIT aspirants in Patna.,,,04:00:00,,2019,,
41,Dream Girl,"Rom-com Movie, directed by Raaj Shaandilyaa, stars Ayushmann Khurrana who plays a 'dream girl'. In every love story, there is always one trying to win the heart of the other, who could be the 'dream girl'.",,,04:00:00,,2019,,
42,Singham Returns,"Owing to the wrongdoings affiliated with evils similar to black money, an honest but ferocious police officer returns as the Deputy Commissioner of Police with the prospect of wiping out injustice.",,,04:00:00,,2014,,
43,Dabangg,"A corrupt police officer faces challenges from his family, gangsters and politicians.",,,04:00:00,,2010,,
44,Gully Boy,A coming-of-age story based on the lives of street rappers in Mumbai.,,,04:00:00,,2019,,
45,Judwaa 2,Prem and Raja are twin brothers who are seperated at birth but are uniquely connected to eachother via their reflexes. They reunite as adults and set out to take down the underground smuggling world.,,,04:00:00,,2017,,
46,The Kerala Story,"A converted Muslim woman Fatima Ba narrates her ordeal of how she once wanted to become a nurse but was abducted from her home and manipulated by religious vanguards, turned into an ISIS terrorist and landed in Afghanistan jail.",,,04:00:00,,2023,,
47,Rowdy Rathore,"A con man uncovers a deadly secret and must save his lady love, the small-town locals and the little girl who insists she's his daughter, from the mob.",,,04:00:00,,2012,,
48,M.S. Dhoni: The Untold Story,The untold story of Mahendra Singh Dhoni's journey from ticket collector to trophy collector - the world-cup-winning captain of the Indian Cricket Team.,,,04:00:00,,2016,,
49,Gangubai Kathiawadi,"Duped and sold to a brothel, a young woman fearlessly reclaims her power, using underworld connections to preside over the world she was once a pawn in.",,,04:00:00,,2022,,
50,Stree,"In the small town of Chanderi, the menfolk live in fear of an evil spirit named ""Stree"" who abducts men in the night. Based on the urban legend of ""Nale Ba"" that went viral in Karnataka in the 1990s.",,,04:00:00,,2018,,
51,Airlift,"When Iraq invades Kuwait in August 1990, a callous Indian businessman becomes the spokesperson for more than 170,000 stranded countrymen.",,,04:00:00,,2016,,
52,Rustom,"A naval officer returns home to find out about his wife's affair. Soon, he surrenders after murdering the lover but as the case unfolds, it starts to reveal his hidden intention.",,,04:00:00,,2016,,
53,Raazi,A Kashmiri woman agrees to marry a Pakistani army officer in order to spy on Pakistan during the Indo-Pakistan War of 1971.,,,04:00:00,,2018,,
54,Ready,"Set in Thailand and India, a case of mistaken identity leads to love, and a man and his family concoct a grand scheme to win over the hearts of a woman and her greedy, conniving uncles.",,,04:00:00,,2011,,
55,Jab Tak Hai Jaan,An uncompromising film on true love from the legendary and unforgettable director Yash Chopra which is fascinatingly distinctive and contemporary.,,,04:00:00,,2012,,
56,Agneepath,A young boy's father is lynched before his eyes; fifteen years later he returns home for revenge.,,,04:00:00,,2012,,
57,Agneepath,"A young boy's quest for revenge leads him to become a gangster as an adult, and with each day he becomes more and more like his enemies. Can he find vengeance and redemption?",,,04:00:00,,1990,,
58,Badrinath Ki Dulhania,Badrinath is looking for a typical bride; Vaidehi is looking for an independent life. Together they must break with tradition and redefine their role.,,,04:00:00,,2017,,
59,Goliyon Ki Rasleela Ram-Leela,"Modern adaptation of William Shakespeare's 'Romeo and Juliet' with an Indian twist, the film focuses on the story of Ram and Leela, their love, lust and the drama afterwards.",,,04:00:00,,2013,,
60,Jai Ho,"An upright ex-army man, Jai fights a solitary war against corruption and injustice. With a simple mantra to pay forward, he starts off by helping one person and forms an ever growing circle of people helping each other.",,,04:00:00,,2014,,
61,Jolly LLB 2,Jolly is a clumsy lawyer who is faced with representing the most critical court case of his career.,,,04:00:00,,2017,,
62,Bala,It tells the story of a man who is balding prematurely and how he copes up with the situation.,,,04:00:00,,2019,,
63,Ghajini,A short-term memory loss patient goes on a killing spree in order to avenge the death of his ladylove.,,,04:00:00,,2008,,
64,Ae Dil Hai Mushkil,"This story explores love - the shapes it takes, the ways it changes us and the exhilarating and often terrifying ride it takes us on. It is the journey of two characters, Alizeh and Ayan, as they navigate life, love and heartbreak.",,,04:00:00,,2016,,
65,Holiday,"A military officer attempts to hunt down a terrorist, destroy a terrorist gang and deactivate the sleeper cells under its command.",,,04:00:00,,2014,,
66,Barfi!,Three young people learn that love can neither be defined nor contained by society's definition of normal and abnormal.,,,04:00:00,,2012,,
67,Housefull 2,A comedy of errors wherein four men help each other to fool their prospective father-in-laws creating a cascade of confusion and mayhem.,,,04:00:00,,2012,,
68,Housefull 3,"A father doesn't want his three daughters to get married. Now, it's up to three men to try to and convince the father that they're a good fit for his daughters.",,,04:00:00,,2016,,
69,Gold,The journey of a man who was instrumental in making India win its first Olympic gold medal as a free nation.,,,04:00:00,,2018,,
70,Sonu Ke Titu Ki Sweety,Titu is going to marry a perfect woman named Sweety. Titu's best-friend Sonu doubts Sweety's character and tries to break the marriage while Sweety tries to do opposite and which leads to war between Bromance and Romance.,,,04:00:00,,2018,,
71,Bhaag Milkha Bhaag,"The truth behind the ascension of Milkha Singh, who was scarred by of the India-Pakistan partition.",,,04:00:00,,2013,,
72,Golmaal 3,"In Goa, Pritam meets his love Geeta after many years. They decide to get married but the feud between their respective children creates tension in their marriage.",,,04:00:00,,2010,,
73,Ek Villain,"When his wife becomes the latest victim of a serial killer, Guru blurs the line between good and evil in his pursuit of revenge.",,,04:00:00,,2014,,
74,Kaabil,A blind man seeks revenge against a corrupt politician and his brother after his wife is raped and killed.,,,04:00:00,,2017,,
75,De De Pyaar De,A 50-year-old single father faces disapproval from his family and his ex-wife when he falls in love with a 26-year-old woman.,,,04:00:00,,2019,,
76,Bol Bachchan,"All hell breaks loose when a Muslim man breaks a temple lock to save a little child, thus for his safety keeps a Hindu name, where he starts making web of lies.",,,04:00:00,,2012,,
77,Raid,A fearless income tax officer raids the mansion of the most powerful man in Lucknow after someone mysteriously draws his attention towards the evidence.,,,04:00:00,,2018,,
78,2 States,This movie chronicles how Chetan met his wife and the difficulties they faced due to their cultural differences.,,,04:00:00,,2014,,
79,Grand Masti,"Meet, Prem, and Amar look to have a blast at their college reunion, though they soon find themselves in another predicament.",,,04:00:00,,2013,,
80,Race 2,Ranvir treads through the world of the Indian mafia in Turkey as he looks to avenge the death of his lover and partner in crime.,,,04:00:00,,2013,,
81,Singham,A truly honest police officer is transferred to a town controlled by a gangster he has humiliated. The gangster believes he can use good power to bring down this officer who made him look foolish and weak.,,,04:00:00,,2011,,
82,Batla House,"In 2008, a violent shootout with terror suspects leaves one police officer struggling to hunt down the fugitives and justify the police action.",,,04:00:00,,2019,,
83,Baby,"An elite counter-intelligence unit learns of a plot, masterminded by a maniacal madman. With the clock ticking, it's up to them to track the terrorists' international tentacles and prevent them from striking at the heart of India.",,,04:00:00,,2015,,
84,Luka Chuppi,"Pretending to be married in order to cohabitate, a small-town couple lands in endless awkward situations to hide the truth from their orthodox families.",,,04:00:00,,2019,,
85,Raajneeti,"Samar, the son of a political family, has chosen to go to the USA to live with his girlfriend. However, the death of his father makes him put his plans on hold and enter the dirty world of politics.",,,04:00:00,,2010,,
86,Talaash,"Inspector Surjan Shekhawat, who is dealing with a depressing past, has to investigate a high profile murder case, deal with his crumbling marriage and use the help and solace of a prostitute by the name of Rosie.",,,04:00:00,,2012,,
87,Satyameva Jayate,An honest cop attempts to hunt down a vigilante who kills corrupt cops by setting them on fire.,,,04:00:00,,2018,,
88,Zindagi Na Milegi Dobara,Three friends decide to turn their fantasy vacation into reality after one of their friends gets engaged.,,,04:00:00,,2011,,
89,Badla,A dynamic young entrepreneur finds herself locked in a hotel room with the corpse of her dead lover. She hires a prestigious lawyer to defend her and they work together to figure out what actually happened.,,,04:00:00,,2019,,
90,Rab Ne Bana Di Jodi,"A breathtaking, goose flesh igniting, awe inspiring love journey of an ordinary man Suri and his 'total opposite' love Taani.",,,04:00:00,,2008,,
91,Pati Patni Aur Woh,"Chintu Tyagi is an ordinary, middle class man who finds himself torn between his wife and another woman.",,,04:00:00,,2019,,
92,My Name Is Khan,An Indian Muslim man with Asperger's syndrome takes a challenge to speak to the President of the United States seriously and embarks on a cross-country journey.,,,04:00:00,,2010,,
93,Padman,"Upon realizing the extent to which women are affected by their menses, a man sets out to create a sanitary pad machine and to provide inexpensive sanitary pads to the women of rural India.",,,04:00:00,,2018,,
94,Veere Di Wedding,Four girls on their way to find true love discover that their friendship must remain strong until the wedding of a friend named Veer.,,,04:00:00,,2018,,
95,Fukrey Returns,"Just out of jail, a don is ready to get back at the four friends who conned her.",,,04:00:00,,2017,,
96,The Dirty Picture,"The love story between an actress and a director, inspired by the life of the late south Indian actress Silk Smitha.",,,04:00:00,,2011,,
97,Piku,"A quirky comedy about the relationship between a daughter and her aging father, whose eccentricities drive everyone crazy.",,,04:00:00,,2015,,
98,Gunday,"The lives of Calcutta's most powerful Gunday, Bikram and Bala, changes when Nandita enters it. Then a counter-force takes charge and a thriller unfolds.",,,04:00:00,,2014,,
99,Om Shanti Om,"In the 1970s, Om, an aspiring actor, is murdered, but is immediately reincarnated into the present day. He attempts to discover the mystery of his demise and find Shanti, the love of his previous life.",,,04:00:00,,2007,,
100,Aashiqui 2,Rahul loses his fans and fame due to alcoholism. But he then decides to turn a small time singer into a rising star.,,,04:00:00,,2013,,
101,Humpty Sharma Ki Dulhania,"A girl from Ambala, Kavya Pratap Singh, is about to be married. When she visits Delhi to shop for her 'dhai lakh ka Ghagra, she meets Humpty Sharma, a carefree Delhiite, and falls in love with him.",,,04:00:00,,2014,,
102,Gadar: Ek Prem Katha,"During the Partition of India in 1947, a Sikh truck driver falls in love with a Muslim girl belonging to an aristocratic family.",,,04:00:00,,2001,,
103,Baaghi,A martial arts student seeks revenge after the murder of his master.,,,04:00:00,,2016,,
104,Housefull,"Believing himself to be jinxed, a man attempts to find true love, but instead gets caught in a web of lies.",,,04:00:00,,2010,,
105,Neerja,"The story of courageous Neerja Bhanot, who sacrificed her life while protecting the lives of 359 passengers on Pan Am Flight 73 in 1986 when it was hijacked by a terrorist organization.",,,04:00:00,,2016,,
106,Lage Raho Munna Bhai,Munna Bhai embarks on a journey with Mahatma Gandhi in order to fight against a corrupt property dealer.,,,04:00:00,,2006,,
107,Andhadhun,"A series of mysterious events change the life of a blind pianist, who must now report a crime that he should technically know nothing of.",,,04:00:00,,2018,,
108,Dhadak,"Set in Rajasthan, this love story explores how the protagonists deal with issues like differences between castes and honor killings.",,,04:00:00,,2018,,
109,Kapoor & Sons,The story about two brothers who visit their dysfunctional family for their grandfather's birthday party.,,,04:00:00,,2016,,
110,Hum Aapke Hain Koun..!,"Prem and Nisha meet and fall in love at the wedding of their elder siblings, but their plans to be together are put in jeopardy when Nisha's sister dies, leaving behind a baby.",,,04:00:00,,1994,,
111,Krrish,"Krishna is forced by circumstances to use his superpowers and become the masked superhero Krrish, before getting drawn towards his lost legacy.",,,04:00:00,,2006,,
112,Cocktail,"A love triangle between a guy and two girls, who are best friends but the complete opposite of one another.",,,04:00:00,,2012,,
113,Khiladi 786,"A father who runs a marriage bureau believes that his son is a failure in life. In order to prove him wrong, his son takes on the task of finding a match for a gangster's sister.",,,04:00:00,,2012,,
114,Welcome,"A man falls in love with a beautiful woman, but later discovers that her brothers are gangsters.",,,04:00:00,,2007,,
115,Hindi Medium,A couple from Chandni Chowk aspire to give their daughter the best education and thus be a part of and accepted by the elite of Delhi.,,,04:00:00,,2017,,
116,Kedarnath,"Mansoor, a reserved and reticent Pithoo, helps pilgrims make an arduous journey upwards to the temple town. His world turns around when he meets the beautiful and rebellious Mukku who draws him into a whirlwind of intense love.",,,04:00:00,,2018,,
117,Dear Zindagi,"Kaira is a budding cinematographer in search of a perfect life. Her encounter with Jug, an unconventional thinker, helps her gain a new perspective on life. She discovers that happiness is all about finding comfort in life's imperfections.",,,04:00:00,,2016,,
118,Singh Is Kinng,"A comic caper about Happy Singh, a Punjabi villager who goes through a series of misadventures and eventually becomes the King of the Australian underworld.",,,04:00:00,,2008,,
119,Drishyam,"Desperate measures are taken by a man who tries to save his family from the dark side of the law, after they commit an unexpected crime.",,,04:00:00,,2015,,
120,Love Aaj Kal,"When professional ambitions clash with personal feelings for a modern-day couple, a love story from a bygone era may offer some wisdom.",,,04:00:00,,2020,,
121,Love Aaj Kal,An old-fashioned romantic tells his personal love story to a modern man who has just broken up with his girlfriend. Has love really ever changed?,,,04:00:00,,2009,,
122,Article 15,"In the rural heartlands of India, an upright police officer sets out on a crusade against violent caste-based crimes and discrimination.",,,04:00:00,,2019,,
123,Pink,"When three young women are implicated in a crime, a retired lawyer steps forward to help them clear their names.",,,04:00:00,,2016,,
124,Jab Harry Met Sejal,A depressed middle-aged tour guide who lives in his own bubble gets another chance to experience and face reality through a chirpy girl.,,,04:00:00,,2017,,
125,Pyaar Ka Punchnama 2,"After falling in love, three roommates experience changes in their lives.",,,04:00:00,,2015,,
126,Ajab Prem Ki Ghazab Kahani,"The wacky adventures of a young man who is willing to sacrifice his own love to insure the happiness of others, even trying to get the girl of his dreams married to the guy of her dreams.",,,04:00:00,,2009,,
127,Secret Superstar,A talented teenage singer-songwriter living amid domestic abuse becomes a YouTube sensation after a video in which she hides her identity goes viral.,,,04:00:00,,2017,,
128,Taare Zameen Par,"An eight-year-old boy is thought to be a lazy trouble-maker, until the new art teacher has the patience and compassion to discover the real problem behind his struggles in school.",,,04:00:00,,2007,,
129,Tees Maar Khan,"Posing as a movie producer, a conman attempts to trick an entire village into helping him rob a treasure-laden train.",,,04:00:00,,2010,,
130,Queen,A Delhi girl from a traditional family sets out on a solo honeymoon after her marriage gets cancelled.,,,04:00:00,,2013,,
131,Wanted,"Radhe is a ruthless gangster who will kill anyone for money. He is attracted towards Jhanvi, a middle class girl, who does not approve of his work and wants him to change.",,,04:00:00,,2009,,
132,Race,Destiny makes two brothers- Ranvir and Rajiv - enemies of each other. Everything is fair in love and war.,,,04:00:00,,2008,,
133,Udta Punjab,A story that revolves around drug abuse in the affluent north Indian State of Punjab and how the youth there have succumbed to it en-masse resulting in a socio-economic decline.,,,04:00:00,,2016,,
134,Raanjhanaa,"Kundan, the son of a Hindu pundit, discovers that his childhood sweetheart Zoya loves city-bred Akram and wants to marry him. However, he persistently seeks to win her heart.",,,04:00:00,,2013,,
135,Partner,"A 'Love Guru' assists other males, woos a widowed single mother, but becomes embroiled in controversies.",,,04:00:00,,2007,,
136,Mere Brother Ki Dulhan,A quirky rom-com where Kush finds the ideal Indian bride Dimple for his brother Luv and a series of comical and unpredictable events follow.,,,04:00:00,,2011,,
137,Mary Kom,"A chronicle of the life of Indian boxer Mary Kom, who went through several hardships before audaciously accomplishing her ultimate dream.",,,04:00:00,,2014,,
138,Once Upon a Time in Mumbaai,"As a smuggler rises to power in in 1970s Mumbai, a younger gangster seeks to overthrow him and a police officer is caught in the middle.",,,04:00:00,,2010,,
139,Jaane Tu... Ya Jaane Na,Two best friends being convinced that they are not in love search for each other's love.,,,04:00:00,,2008,,
140,Yamla Pagla Deewana,A married Canadian travels to India to re-unite with his estranged father and brother but faces obstacles and challenges.,,,04:00:00,,2011,,
141,Dilwale Dulhania Le Jayenge,"When Raj meets Simran in Europe, it isn't love at first sight but when Simran moves to India for an arranged marriage, love makes its presence felt.",,,04:00:00,,1995,,
142,Rang De Basanti,"The story of six young Indians who assist an English woman to film a documentary on the freedom fighters from their past, and the events that lead them to relive the long-forgotten saga of freedom.",,,04:00:00,,2006,,
143,Heropanti,Two young people find love despite the violent landscape in which they live.,,,04:00:00,,2014,,
144,Ki & Ka,"Follows a young, married couple whose relationship challenges the gender roles placed upon women and men in Indian society.",,,04:00:00,,2016,,
145,102 Not Out,"102 Not Out is a 2018 comedy-drama film, with legendary actor Amitabh Bachchan playing a 102-year-old wanting to break the oldest-man-alive record. Another Bollywood legend Rishi Kapoor plays his sad and grumpy 75-year-old son.",,,04:00:00,,2018,,
146,Fanaa,A sweet blind girl Zooni meets a flirty Rehan. She ignores her friends' warnings. It's her time to discover life. Is she making the right love choice?,,,04:00:00,,2006,,
147,Hate Story 3,Siya appears to be the bone of contention between warring businessmen Aditya and Saurav. But this one runs deeper than your average love triangle.,,,04:00:00,,2015,,
148,Delhi Belly,Three struggling room-mates unknowingly become potential prey of a ruthless gangster.,,,04:00:00,,2011,,
149,Kahaani,"A pregnant woman's search for her missing husband takes her from London to Kolkata, but everyone she questions denies having ever met him.",,,04:00:00,,2012,,
150,Golmaal Returns,"A man is sandwiched between his over possessive wife and a police inspector, where he is suspected for adultery and murder.",,,04:00:00,,2008,,
151,Main Tera Hero,"Seenu and Sunaina fall in love with each other when he saves her from a corrupt policeman who wishes to marry her. Meanwhile, Ayesha, a girl Seenu meets on a train journey, wants to marry him.",,,04:00:00,,2014,,
152,Badlapur,Raghu begins walking a fine line between good and evil as he exacts violent revenge on two criminals who killed his family 15 years ago.,,,04:00:00,,2015,,
153,Kis Kisko Pyaar Karoon,"A comedy or errors, wherein a married man attempts to juggle his three wives along with his current girlfriend.",,,04:00:00,,2015,,
154,Bhool Bhulaiyaa,"An NRI and his wife decide to stay in his ancestral home, paying no heed to the warnings about ghosts. Soon, inexplicable occurrences cause him to call a psychiatrist to help solve the mystery.",,,04:00:00,,2007,,
155,Murder 2,An ex-cop is hired by a pimp to find missing call girls and the man responsible behind their abduction.,,,04:00:00,,2011,,
156,Mardaani 2,A 21-year old boy Sunny has a penchant for sexually assaulting and killing girls. He's locked horns with top cop Shivani Shivaji Roy. Will she nab him?,,,04:00:00,,2019,,
157,Heyy Babyy,Three bachelors who are compulsive womanizers find their lives turned upside down when a baby is left at their doorstep. The trio suspect each other of being the father.,,,04:00:00,,2007,,
158,Koi... Mil Gaya,"A developmentally disabled young man tries to continue the work his father did in communicating with extra-terrestrials from outer space, which leads to something miraculous and wonderful.",,,04:00:00,,2003,,
159,Kuch Kuch Hota Hai,"During their college years, Anjali was in love with her best-friend Rahul, but he had eyes only for Tina. Years later, Rahul and the now-deceased Tina's eight-year-old daughter attempts to reunite her father and Anjali.",,,04:00:00,,1998,,
160,Ragini MMS 2,A sleazy film director's decision to shoot his latest erotic horror movie in a notorious haunted house angers the vengeful spirit of its past inhabitant.,,,04:00:00,,2014,,
161,Shuddh Desi Romance,A romantic comedy which tells the journey of three restless young people who junk society's syllabus for finding love and decide to follow their heart.,,,04:00:00,,2013,,
162,Hichki,"Suffering from Tourette Syndrome, Naina gets assigned a class of defiant students and must ensure that her students realise their potential.",,,04:00:00,,2018,,
163,October,A group of interns are going through the usual grind when suddenly an accident changes their lives. The protagonist can't get let go of it and becomes obsessed with it. What does it all lead to? Is it love or something else?,,,04:00:00,,2018,,
164,Ishaqzaade,A love story of a passion ignited by hatred. Of two people. Born to hate. Destined to love.,,,04:00:00,,2012,,
165,Guru,"A villager, Gurukant Desai, arrives in Bombay 1958, and rises from its streets to become the GURU, the biggest tycoon in Indian history.",,,04:00:00,,2007,,
166,New York,A contemporary story of 3 friends discovering a new world set against the larger than life New York City. But one day the world around them changed.,,,04:00:00,,2009,,
167,No Entry,"Kishan and Sunny's life are troubled after their womanizing friend Prem sets them up with a hooker named Bobby, leading to web of lies and confusions.",,,04:00:00,,2005,,
168,Double Dhamaal,Four slackers decide to avenge their humiliation at the hands of a con-man.,,,04:00:00,,2011,,
169,Kaho Naa... Pyaar Hai,A young girl meets the doppelganger of her deceased boyfriend and now has a chance to find the people who have murdered him.,,,04:00:00,,2000,,
170,Ek Villain Returns,The story of two men in one sided love. The paths they choose to fulfill their love stories decide who the Hero is and who is the Villain.,,,04:00:00,,2022,,
171,I Hate Luv Storys,"Jay doesn't believe in love Stories, and Simran, is a girl who's in love with the idea of Love itself.",,,04:00:00,,2010,,
172,Shubh Mangal Saavdhan,"In this remake of Kalyana Samayal Saadham (2013), a couple fall in love but then the groom discovers that he suffers from erectile dysfunction.",,,04:00:00,,2017,,
173,Veer-Zaara,"""Veer-Zaara"" is a saga of love, separation, courage, and sacrifice. A love story that is an inspiration and will remain a legend forever.",,,04:00:00,,2004,,
174,Jannat 2,A dealer of illegal guns is bullied into being an informer for a cop who wants to put an end to this racket.,,,04:00:00,,2012,,
175,Mohabbatein,"A film about the battle between love and fear, between two stubborn men and their opposing beliefs and the outcome of the love stories of 3 couples.",,,04:00:00,,2000,,
176,Devdas,"After his wealthy family prohibits him from marrying the woman he is in love with, Devdas Mukherjee's life spirals further and further out of control as he takes up alcohol and a life of vice to numb the pain.",,,04:00:00,,2002,,
177,Devdas,The scion of a wealthy landowner family turns to alcohol and self-pity and slowly self-destructs after class differences force him to break off his relationship with his childhood sweetheart.,,,04:00:00,,1955,,
178,Chashme Baddoor,"When pretty new neighbor Seema falls for their shy roommate Sid, jealous womanizers Omi and Jai plot to break up the new lovebirds.",,,04:00:00,,2013,,
179,Atithi Tum Kab Jaoge?,A couple's married life is turned upside down when a distant relative overstays in their home.,,,04:00:00,,2010,,
180,Phir Hera Pheri,"Baburao, Raju and Shyam are living happily after having risen from rags to riches. Still, money brings the joy of riches and with it the greed to make more money. And so, with a don as an unknowing investor, Raju initiates a new game.",,,04:00:00,,2006,,
181,Bhagam Bhag,"The members of a drama troupe fall in trouble when they are framed for a murder. Things go worse when they find their actress committing suicide, which is somehow linked with the murder.",,,04:00:00,,2006,,
182,Yaariyan,A college student must win an inter college competition to save his college from being demolished by property builders.,,,04:00:00,,2014,,
183,Antim: The Final Truth,The cop played by Salman fights the land mafia in the film.,,,04:00:00,,2021,,
184,Border,"In 1971, along the border region of Longewala, a small battalion of Indian soldiers goes up against a large Pakistani strike force.",,,04:00:00,,1997,,
185,Kal Ho Naa Ho,"Naina, an introverted, perpetually depressed girl's life changes when she meets Aman. But Aman has a secret of his own which changes their lives forever. Embroiled in all this is Rohit, Naina's best friend who conceals his love for her.",,,04:00:00,,2003,,
186,Main Hoon Na,"An army major goes undercover as a college student. His mission is both professional and personal: to protect his general's daughter from a radical militant, and to find his estranged half-brother.",,,04:00:00,,2004,,
187,Namastey London,"A man takes his thoroughly-British daughter to his home country, India. There, he arranges her marriage to someone she considers a fool. The daughter attempts to outwit them, but the groom quietly and patiently hatches his own plan.",,,04:00:00,,2007,,
188,Tanu Weds Manu,"Manu comes to India to find a bride and falls for Tanu at first sight, but free-spirited Tanu has no plan to marry him.",,,04:00:00,,2011,,
189,Bachna Ae Haseeno,"Raj is a heartbreaker. His love stories with Mahi, Radhika, and Gayatri finally teach him about love and life in their own sweet, sexy, and sassy ways.",,,04:00:00,,2008,,
190,Fukrey,"The paths of four dream-chasing college friends cross with an array of colourful characters, from a tough-talking Punjabi female don to a Jugaad Baaz college watchman. Mayhem ensues.",,,04:00:00,,2013,,
191,Bunty Aur Babli,"A small-town pair become the legendary Bunty and Babli, turning the world on its head caper after caper--until they meet a very upset police officer.",,,04:00:00,,2005,,
192,Tumhari Sulu,Sulu is an ambitious housewife with a loving husband and a happy family. Things start changing for her when she accidentally lands a job as a radio jockey and her show becomes an instant hit.,,,04:00:00,,2017,,
193,Mardaani,"A story of Shivani Shivaji Roy, Crime Branch, who sets out to confront the mastermind behind a child trafficking mafia.",,,04:00:00,,2014,,
194,Vicky Donor,"A man is brought in by an infertility doctor to supply him with his sperm, where he becomes the biggest sperm donor for his clinic.",,,04:00:00,,2012,,
195,Dil To Pagal Hai,"A grand musical about three passionate and dreamy characters: Rahul, Pooja and Nisha. Will their dreams come true? Will they find their true love?",,,04:00:00,,1997,,
196,English Vinglish,"A quiet, sweet tempered housewife endures small slights from her well-educated husband and daughter every day because of her inability to speak and understand English.",,,04:00:00,,2012,,
197,Lagaan: Once Upon a Time in India,The people of a small village in Victorian India stake their future on a game of cricket against their ruthless British rulers.,,,04:00:00,,2001,,
198,Bareilly Ki Barfi,"Set in the small-town of Bareilly, Bitti is a free-spirited young girl who lives life on her own terms and refuses to be pressured into getting married. Her life takes a shift when she meets Chirag Dubey and Pritam Vidrohi.",,,04:00:00,,2017,,
199,Dhamaal,"Four lazy slacker conmen buddies who are jobless, homeless and broke learn about the secret of a hidden treasure from a dying thief and later embark on a race against time to find the mobster's buried treasure and claim it while being pursued by a determined police inspector who is hellbent to get the treasure all by himself.",,,04:00:00,,2007,,
200,Uunchai,"Three friends take a trek to the Everest Base Camp. A simple trek turns out to be a personal, emotional and spiritual journey as they battle their physical limitations and discover the true meaning of freedom.",,,04:00:00,,2022,,
201,Jolly LLB,"Wanting to earn fame and fortune, a small time lawyer files a PIL for an infamous hit-and-run, and thus learns what it really is like to be a lawyer.",,,04:00:00,,2013,,
202,NH10,"On their way to a weekend retreat, a married couple find their dream vacation turn into a nightmare when they cross paths with a dangerous gang.",,,04:00:00,,2015,,
203,Dhoom,"Dhoom reinvents the classic cops and robbers tale for the 21st century. Fast bikes, big action, and non-stop fun make for a thrilling story.",,,04:00:00,,2004,,
204,Vivah,"Poonam, a traditionally brought-up young woman, is to marry Prem, a groom chosen by her uncle. Poonam and Prem's faith and love are to be tested however, when an accident occurs and Poonam might be scarred for life.",,,04:00:00,,2006,,
205,Jab We Met,A depressed wealthy businessman finds his life changing after he meets a spunky and care-free young woman.,,,04:00:00,,2007,,
206,Talvar,An experienced investigator confronts several conflicting theories about the perpetrators of a violent double homicide.,,,04:00:00,,2015,,
207,Paa,A father tries to help his son cope with a rare condition that causes the young boy to age beyond his years.,,,04:00:00,,2009,,
208,Jism 2,"Izna, a porn star, is tasked by an Indian Intelligence Agency to seduce her ex-boyfriend Kabir, a dreaded assassin, in order to steal vital information relating to his sleeper cell contacts.",,,04:00:00,,2012,,
209,Dum Laga Ke Haisha,Prem and his oversized wife Sandhya are supposed to spend a lifetime together. Will a regular arranged marriage turn out to be a perfect mismatch?,,,04:00:00,,2015,,
210,Golmaal: Fun Unlimited,Four runaway crooks take shelter in a bungalow which is owned by a blind couple.,,,04:00:00,,2006,,
211,Mujhse Shaadi Karogi,"Sameer, fast at losing his temper is re-located to Goa where he falls in love with Rani. But Sameer's new roommate Sunny, has some plans of his own.",,,04:00:00,,2004,,
212,Garam Masala,A rib tickling tale of two flirts who constantly flirt with women despite one of them being engaged. Chaos ensues when the fiancé finds out that her to-be groom is cheating on her.,,,04:00:00,,2005,,
213,Ferrari Ki Sawaari,How the pursuit of an Indian cricket legend's Ferrari makes a young boy's dreams of playing cricket at Lords a reality.,,,04:00:00,,2012,,
214,Doctor G,"Uday Gupta finds himself as the lone male resident in the Gynaecology department. His reluctance leads to chaos, confusion, comedy and eventually, great camaraderie with his fellow classmates.",,,04:00:00,,2022,,
215,Wake Up Sid,"The story of a lazy Mumbai college student who does absolutely nothing, with a turn of events will Sid realize his potential in this world and become a success in the fast-paced life of Mumbai.",,,04:00:00,,2009,,
216,No One Killed Jessica,"A journalist, who is more of an activist teams up with the sister of a murdered model, as she gets interested in the case and wants to bring justice to her case.",,,04:00:00,,2011,,
217,Jawaani Jaaneman,A 40 year-old playboy's life turns upside down when he comes to know that he has a 20 something year-old daughter.,,,04:00:00,,2020,,
218,Tadap,Unforeseen circumstances threaten the passionate relationship between star-crossed lovers.,,,04:00:00,,2021,,
219,Malamaal Weekly,"Lilaram sells lottery tickets and one customer has hit the jackpot but dies of shock upon finding out that he has won. Now, Lilaram wants all the money, and so does everyone around him.",,,04:00:00,,2006,,
220,Salaam Namaste,A quirky take on life and relationships that looks at a fairy tale with a bit of a squint and an endearing look at what being in love really means.,,,04:00:00,,2005,,
221,Karan Arjun,Karan and Arjun reincarnate in the different parts of the country. But the faith of their previous mother brings them together in order to avenge their death.,,,04:00:00,,1995,,
222,Dhobi Ghat,"The lives of four people intersect in Mumbai: a washer-man who wants to become an actor, a banker-turned-photographer, a painter looking for inspiration, and a newly-married immigrant who journals her experiences on home video.",,,04:00:00,,2010,,
223,Rock On!!,Four friends reunite to relive their moments of glory as a rock band.,,,04:00:00,,2008,,
224,Ishq,"Two rich friends, hating the poor, were challenged by their children's love lives. Thus starts the war between love and money.",,,04:00:00,,1997,,
225,Hum Dil De Chuke Sanam,"Nandini has to choose between Sameer, the man who taught her to fall in love; and Vanraj, the man from whom she learnt how to abide and fulfill promises of love.",,,04:00:00,,1999,,
226,Munna Bhai M.B.B.S.,A gangster sets out to fulfill his father's dream of becoming a doctor.,,,04:00:00,,2003,,
227,Pardes,"Kishorilal wants an Indian bride for his westernised son. He gets him engaged to Ganga, his friend's daughter, and brings her to USA. But she shares a deeper bond with Arjun, Kishorilal's foster son.",,,04:00:00,,1997,,
228,Chandigarh Kare Aashiqui,"Manu, a bodybuilder from Chandigarh, India, falls in love with Maanvi, a Zumba teacher. All seems well until a revelation causes turmoil in their love story.",,,04:00:00,,2021,,
229,Taal,"Businessman Manav falls for aspiring singer Mansi, but their romance faces an uphill climb when Manav must depart and Mansi's suave manager moves in.",,,04:00:00,,1999,,
230,Rocketry: The Nambi Effect,"Based on the life of Indian Space Research Organization scientist Nambi Narayanan, who was framed for being a spy and arrested in 1994. Though free, he continues to fight for justice against the officials who falsely implicated him.",,,04:00:00,,2022,,
231,Hum Tum,A novel look at the eternal battle of the sexes and the trials and tribulations of Karan and Rhea and their attempts to understand each other.,,,04:00:00,,2004,,
232,Raaz,"Sanjana and Aditya decide to give their marriage one last chance. They plan a holiday in Ooty, but they don't know that a strange figure is waiting for them to come.",,,04:00:00,,2002,,
233,Soldier,The story follows a young man (Bobby Deol) who flees India and arrives in Australia seeking vengence for something that started in India. In Australia he meets and falls in love with the daughter of a rich and powerful man(Suresh Oberoi). The story keeps the covers on Bobby Deols plan until the end when everything is revealed as to why he is a SOLDIER.,,,04:00:00,,1998,,
234,Baghban,"An elderly couple wish their children to care for them in their old age. But their children see and treat them as a burden, and they must struggle to regain their worth and dignity to themselves and others.",,,04:00:00,,2003,,
235,Rangeela,"A middle class young woman, who dreams of Bollywood fame, is caught in a love triangle between her childhood friend and a famous actor.",,,04:00:00,,1995,,
236,Masti,"Bored of their wives, best friends, Meet, Prem and Amar, reunite after three years and decide to have an affair - but instead become the prime suspects in a murder investigation.",,,04:00:00,,2004,,
237,Raja,"Raja and Madhu fall in love and decide to get married. However, her brothers are against the alliance and devise a plan to drive the two apart.",,,04:00:00,,1995,,
238,Hulchul,"A man and woman from feuding families each pretend to fall in love, as part of a revenge plot. Chaos ensues when their fake romance becomes a reality.",,,04:00:00,,2004,,
239,Agni Sakshi,Newly married Suraj and Shivangi are on honeymoon where they meet Vishwanath - who claims that Shivangi is his wife.,,,04:00:00,,1996,,
240,Chalte Chalte,A man pursues a woman who is already engaged and eventually gets married to her. Differences between the two lead to a bitter separation that threatens to destroy their relationship forever.,,,04:00:00,,2003,,
241,Chalte Chalte,"Geeta and Anil meet, gets acquainted with each other only to fall in love; they then get married but on their wedding night Anil is killed by bandits leaving a devastated Geeta who goes ...                See full summary »",,,04:00:00,,1976,,
242,Lipstick Under My Burkha,"In order to be independent and break free from the conservative society, four women sets on a journey to discover freedom and happiness.",,,04:00:00,,2016,,
243,Bade Miyan Chote Miyan,"With their contrasting personalities and maverick methods, Bade Miyan and Chote Miyan need to overcome their differences and labor together to transport the offenders to impartiality and preserve the day.",,,04:00:00,,2024,,
244,Bade Miyan Chote Miyan,"Arjun and Pyare Mohan are honest policemen who work together. Trouble follows when thieves Bade Miyan and Chote Miyan, look-alikes of Arjun and Pyare, commit crimes and the hapless duo are blamed for it.",,,04:00:00,,1998,,
245,Barsaat,"A naive young man and a rich city girl fall in love. Her stepfather, however, doesn't approve of the match and will stop at nothing to split the pair.",,,04:00:00,,1995,,
246,Dulhan Hum Le Jayenge,"Sapna has lost her parents at an early age and lives with her three quirky uncles - Bhola Nath is a fitness freak, Prabhu Nath is a deeply religious fellow and Vicky Nath is a disco-savvy ...                See full summary »",,,04:00:00,,2000,,
247,Sarfarosh,"After his brother is killed and father severely injured by terrorists, a young med student quits his studies to join the Indian Police Service to wipe out the terrorists.",,,04:00:00,,1999,,
248,Chori Chori Chupke Chupke,A prostitute agrees to get impregnated and then give the baby to a couple (Raj and Priya) in exchange for a million rupees. Everything changes when she develops feelings for the baby and Raj.,,,04:00:00,,2001,,
249,Ziddi,"It is the story of a hot-tempered and stubborn man Deva, who is feared because of his ruthless ways and severe punishment to the local hoodlums. Later, Deva avenges the death of his brother and sister.",,,04:00:00,,1997,,
250,Gupt: The Hidden Truth,"Governor Jaisingh Sinha is murdered and the needle of suspicion points towards his estranged son, Sahil Sinha who must prove his innocence.",,,04:00:00,,1997,,
251,Pyaar Kiya To Darna Kya,"When Vishal does not agree of Suraj and Muskaan's relationship, Suraj decides to win Vishal's heart for marrying Muskaan.",,,04:00:00,,1998,,
252,Begum Jaan,The story of eleven prostitutes who refuse to part ways with their brothel and each other during the partition between India and Pakistan.,,,04:00:00,,2017,,
253,Simran,"A socially-criticized, financially-cornered girl becomes an outlaw to dodge the situation.",,,04:00:00,,2017,,
254,Bombay Talkies,One hundred years of Hindi cinema is celebrated in four short stories showcasing the power of film.,,,04:00:00,,2013,,
255,Hero No. 1,"Timid Rajesh Malhotra escapes his tyrant father and meets Meena in a foreign land. The two lovers decide to marry, but when Meena's parents object, Rajesh decides to win them over in the quirkiest way.",,,04:00:00,,1997,,
256,Jeet,"A hitman working for a crime boss falls for a woman but she is married off to her childhood friend. Later, when the woman's and her husband's life comes under threat from the crime boss, the hitman becomes their protector.",,,04:00:00,,1996,,
257,The Tashkent Files,"Revolves around the mysterious death of India's 2nd Prime Minister Shri Lal Bahadur Shastri and attempts to uncover if he had actually died a natural death, or, as alleged, was assassinated.",,,04:00:00,,2019,,
258,Kachche Dhaage,Two stepbrothers who loathe each other have to work together to avoid being framed for terrorist activities.,,,04:00:00,,1999,,
259,Andaaz,"Loyalty, Respect, commitment and love. What is Love? Loyalty, respect, commitment and friendship. Friendship and Love... Love and Friendship... So much in common, yet so different in emotion!",,,04:00:00,,2003,,
260,Kyaa Kool Hai Hum,Karan and Rahul are fashion designers and surives on food of others functions. But some twists and confusion changes their life.,,,04:00:00,,2005,,
261,Sholay,"After his family is murdered by a notorious and ruthless bandit, a former police officer enlists the services of two outlaws to capture the bandit.",,,04:00:00,,1975,,
262,Badal,"Badal (Bobby Deol) is a victim of the 1984 riots, brought up by a terrorist (Ashish Vidyarthi). Badal lives with the sole aim of exterminating a police cop Rana (Ashutosh Rana) now the DGP....                See full summary »",,,04:00:00,,2000,,
263,Saathiya,A couple elopes to get married and set up home hoping that just love will do the trick - but that's just the beginning of their story.,,,04:00:00,,2002,,
264,Haseena Maan Jaayegi,"Separated from their wealthy father and each other, two brothers (Sanjay Dutt, Govinda) try to win the hearts of their dream girls.",,,04:00:00,,1999,,
265,Murder,"Unhappy with her marriage with workaholic man, a woman finds solace in her lover and starts a steamy affair. But this fills her with guilt and leaves him, but he is determined to get her - at any cost.",,,04:00:00,,2004,,
266,Hamara Dil Aapke Paas Hai,"Inspired by the Telugu film, ""Pelli Chuskundam,"" the plot follows the life of a rape victim (Aishwarya Rai). Now, a disgrace to her family, she is turned away from her house after the ...                See full summary »",,,04:00:00,,2000,,
267,Fiza,In 1993 Fiza's brother Aman disappears during the riots in Mumbai. In 1999 Fiza is tired of waiting and goes looking for him.,,,04:00:00,,2000,,
268,Khiladiyon Ka Khiladi,A man (Akshay Kumar) searches for his missing brother (Inder Kumar) who is also wanted by the police.,,,04:00:00,,1996,,
269,Maine Pyar Kiya,"After Suman's father leaves her in the care of another family while he travels abroad, she falls in love with Prem. However, in order to for them to marry, Prem has to prove to Suman's father that he is not the same as his own dad.",,,04:00:00,,1989,,
270,Bhoot,"When a married couple moves into a flat that is haunted by a spirit, a series of inexplicable experiences drive the wife to near madness. Now, the husband must protect his wife to save their marriage.",,,04:00:00,,2003,,
271,Satyameva Jayate 2,"Satyameva Jayate 2 revolves around the fight against injustice and misuse of power. From police and politicians to industrialists and a common man, the film will explore corruption in all spheres.",,,04:00:00,,2021,,
272,Satya,An innocent man is embroiled in underworld after being falsely charged and sets out to punish the perpetrators who subjected his life to misery.,,,04:00:00,,1998,,
273,Judaai,"In order to attain wealth and a luxurious life, a greedy wife sells her husband to a rich woman. However she realizes that with a luxurious life, she has to pay a heavy price for this decision.",,,04:00:00,,1997,,
274,Bandit Queen,The story of the bandit queen Phoolan Devi who was sent to prison in 1983 and got free in 1994.,,,04:00:00,,1994,,
275,Saajan Chale Sasural,A village-based singer attempts to find love and fame in the big city.,,,04:00:00,,1996,,
276,Aankhen,Two good-for-nothing brothers are embroiled in a conspiracy involving a political assassination and try their best to save the country.,,,04:00:00,,1993,,
277,Aankhen,"After a temperamental man is unceremoniously stripped of his duties as a bank manager, he decides to seek revenge by robbing the bank. He trains three blind men to do this risky task for him.",,,04:00:00,,2002,,
278,Deewana Mastana,Chaos ensues when a small time crook and a mental patient tries to win heart of a beautiful woman with comical outcomes.,,,04:00:00,,1997,,
279,Judwaa,"Twin brothers who are separated soon after birth, meet in adulthood and join forces to defeat their common enemy, a notorious criminal.",,,04:00:00,,1997,,
280,Major,"Based on the life of Major Sandeep Unnikrishnan, who was martyred in action during the November 2008 Mumbai attacks and was consequently awarded the Ashoka Chakra, India's highest peacetime gallantry award, on 26 January 2009.",,,04:00:00,,2022,,
281,Phone Bhoot,"A ghost reaches out to two bumbling ghostbusters for a business idea. However, their plans go downhill as the eerie ghost reveals her plan.",,,04:00:00,,2022,,
282,Dulhe Raja,"Poor Raja opens a fast food restaurant right opposite a five star hotel run by it's owner Singhania, earning his wrath. The wealthy hotel owner uses all his influence to remove Raja, but in...                See full summary »",,,04:00:00,,1998,,
283,Coolie No. 1,In order to avenge his insult against wealthy Hoshiarchand Choudhary; Pandit Shaadiram Gharjodhe asks Raju; a coolie by profession to masquerade as a wealthy business tycoon so that he can get marry to Choudhary's daughter Malti.,,,04:00:00,,1995,,
284,Coolie No. 1,"After being insulted by a rich businessman named Rosario, pandit Jai Kishen teaches him a lesson by getting his daughter married to Raju - a Coolie posing as a millionaire.",,,04:00:00,,2020,,
285,Hera Pheri,"Three unemployed men look for answers to all their money problems - but when their opportunity arrives, will they know what to do with it?",,,04:00:00,,2000,,
286,Hera Pheri,Two friends Ajay and Vijay gets separated from each other when they discover secrets about their past in their own ways.,,,04:00:00,,1976,,
287,Kya Kehna,A young college girl faces hardships and challenges after she becomes a mother without marriage,,,04:00:00,,2000,,
288,Mohra,"A journalist comes to the aid of a murderer with a life sentence when she makes an appeal in court and although he is given his freedom, they soon discover that there is a grim reason behind his release.",,,04:00:00,,1994,,
289,Bandhan,A united household is shaken to the core when Raju's (Salman Khan's) brother-in-law marries a prostitute.,,,04:00:00,,1998,,
290,Bunty Aur Babli 2,Bunty and Babli are forced out of retirement after a spate of robberies with their trademark sigil start appearing across India.,,,04:00:00,,2021,,
291,Beta,"Raju, the only heir of a millionaire, is brainwashed by his stepmother for her greed of his entire property.",,,04:00:00,,1992,,
292,Vaastav: The Reality,Consequences force an innocent man to get involved in crime after making an error.,,,04:00:00,,1999,,
293,Chachi 420,Desperation to be with his only child forces a divorced man to take the guise of the child's nanny. Situations get really messy when the child's grandfather (the man's ex-father-in-law) falls in love with his disguised ex-son-in-law.,,,04:00:00,,1997,,
294,Daag: The Fire,"Karan, a former soldier tries to extract revenge from a corrupted lawyer. In the process, the lawyer loses his mental balance and Karan needs to treat him to get him killed.",,,04:00:00,,1999,,
295,Virasat,"After completing his studies in London, England, Shakti Thakur returns home to India in a small town where his family resides. Accompanying him is his leggy girlfriend, Anita, who he is in ...                See full summary »",,,04:00:00,,1997,,
296,Lucknow Central,"When an innocent man aspiring to be a musician is framed for committing a murder, he decides to form a music band with his co-prisoners for a competition, but his real intention seems to be different.",,,04:00:00,,2017,,
297,Yes Boss,"Rahul Joshi wants to be a successful businessman so he works hard for his boss Siddharth. One day Rahul meets Seema, an up and coming model, and he feels like he's finally met his match. Will Seema fall for Rahul?",,,04:00:00,,1997,,
298,Darr,Darr is a girl's (Kiran) story caught between one man's (Sunil) love and another man's (Rahul) obsession.,,,04:00:00,,1993,,
299,Dil Se..,A radio broadcaster's intense attraction to a mysterious woman opens the door to a tidal wave of powerful emotions and desires.,,,04:00:00,,1998,,
300,Angrezi Medium,"When his daughter decides to further her studies in London, a hardworking Rajasthani businessman does everything in power to make her dreams come true.",,,04:00:00,,2020,,
301,Saheb Biwi Aur Gangster,"Hired to kill a nobleman, the assassin instead falls for the former's unstable wife.",,,04:00:00,,2011,,
302,Phoonk,An atheist is forced to consult an exorcist after his daughter shows signs of being possessed.,,,04:00:00,,2008,,
303,Sabse Bada Khiladi,A police officer impersonates his murdered twin brother in order to bring his killers to justice.,,,04:00:00,,1995,,
304,Saajan,A poet (Sanjay Dutt) and his best friend (Salman Khan) fall in love with the same woman (Madhuri Dixit).,,,04:00:00,,1991,,
305,Bhai,A simpleton turns into a gangster after his younger brother is killed and sets out for revenge on the perpetrators who destroyed his life.,,,04:00:00,,1997,,
306,Bheja Fry,"Ranjit, who makes fun of idiots, gets completely annoyed when he invites a tax inspector and a singer to his house.",,,04:00:00,,2007,,
307,Ghayal,"Ajay Mehra, an amateur boxer, takes revenge against Balwant Rai, a crooked businessman, after his elder brother is killed.",,,04:00:00,,1990,,
308,Saudagar,A calculative man schemes to deceit a poor but young widow for his personal monetary gains.,,,04:00:00,,1973,,
309,Saudagar,Two clan chiefs who have maintained a blood feud for decades have to contend with the romance between their respective grandchildren.,,,04:00:00,,1991,,
310,Daddy,"Spanning the 1970s and 1980s, this is the sensational true story of Arun Gawli, who grew up in Mumbai's impoverished Dagdi Chawl, to become a dreaded don, politician, and rival of India's most powerful crime boss, Dawood Ibrahim.",,,04:00:00,,2017,,
311,Mard,"King Azad gets locked in a dungeon by the British general Dyer who wants to take over his kingdom. Years later, Azad's son decides to put an end to Dyer's tyranny and comes to his father's rescue.",,,04:00:00,,1985,,
312,Raja Babu,A man tries to become a better son after his intended bride rejects him and he learns he was adopted from a poor family.,,,04:00:00,,1994,,
313,Jism,When an unemployed man falls for a wealthy woman and he is willing to do whatever he must to get her away from her abusive husband.,,,04:00:00,,2003,,
314,Main Khiladi Tu Anari,A Bombay police officer seeks revenge when his brother is killed by a powerful underworld figure. Things get complicated when a matinee movie idol begins to shadow the policeman so he can research a movie role.,,,04:00:00,,1994,,
315,Ishq Vishk,"A collegian (Shahid Kapoor) woos a beautiful girl, then falls in love with his childhood friend (Amrita Rao).",,,04:00:00,,2003,,
316,Tere Mere Sapne,"Dr. Anand Kumar attains his degree in medicine and re-locates to a small village to assist the local doctors there. Upon arrival, he is met by the ailing Dr. Prasad and his wife, and hired ...                See full summary »",,,04:00:00,,1971,,
317,One Two Three,"Three strangers with the same name, Laxminarayan, travel to Pondi with their tasks. Chaos ensues when they are mistaken for each other as they stay in the same hotel.",,,04:00:00,,2008,,
318,IB 71,A two- front war between Indian intelligence agencies and the Pakistani establishment.,,,04:00:00,,2023,,
319,Baazigar,"A young man with a vendetta against a business tycoon seduces the man's younger daughter, but she begins to suspect her new lover's connection with her elder sister and his ulterior motive.",,,04:00:00,,1993,,
320,Deewana,"A singer (Rishi Kapoor) marries his biggest fan, but his uncle (Amrish Puri) plans to kill him in order to gain his money.",,,04:00:00,,1992,,
321,Amar Akbar Anthony,"Three brothers are separated and united after many years - one is brought up a Hindu, another a Muslim and the last (and most memorable) a Christian. Hilarity and adventure ensues.",,,04:00:00,,1977,,
322,Amar Akbar Anthony,A man suffering from Dissociative Identity Disorder has to take revenge against four businessmen for the murder of his family while his past confronts him in the form of his childhood love.,,,04:00:00,,2018,,
323,Suhaag,"Collegian Ajay Sharma was born on 2 April 1968 and lives in Bombay with his widowed mom Asha. He is friendly with fellow-collegian Raj Sinha, from a wealthy family. Ajay often gets beaten ...                See full summary »",,,04:00:00,,1994,,
324,Suhaag,"Two brothers gets separated at the time of their birth. But when they reunite as adults, challenges welcome them.",,,04:00:00,,1979,,
325,Vijaypath,"When a notorious criminal is apprehended by an industrious inspector and subsequently convicted by the officer's brother, he seeks the ultimate revenge against the family.",,,04:00:00,,1994,,
326,Dilwale,"The siblings of two estranged lovers fall for each other, unaware of the violent past that drove them apart.",,,04:00:00,,2015,,
327,Tezaab,From a very early age Mahesh Deshmukh has dreams of serving his country; his encouragement and dreams multiplies when his parents are killed by a gang of robbers who plan to loot the bank ...                See full summary »,,,04:00:00,,1988,,
328,Sadak,"A taxi driver with a tragic past sees an opportunity for redemption when he encounters a woman sold into prostitution. Wanting to help her escape, he has to deal with the wrath of the brothel madam.",,,04:00:00,,1991,,
329,Anari,"A rich girl appoints a simpleton, as her bodyguard. She soon falls in love with him, which creates havoc in his life.",,,04:00:00,,1993,,
330,Yeh Dillagi,A poor girl is rebuked by a rich boy. She leaves town to return successful and rich. He falls for her but his brother is already in love with the girl.,,,04:00:00,,1994,,
331,Bobby,"Raj, the son of strict, wealthy parents, falls in love with Bobby, the daughter of a poor Christian fisherman -- a romance his parents oppose.",,,04:00:00,,1973,,
332,Mr. India,"A poor but big-hearted man takes orphans into his home. After discovering his scientist father's invisibility device, he rises to the occasion and fights to save his children and all of India from the clutches of a megalomaniac.",,,04:00:00,,1987,,
333,Ravan Raaj: A True Story,In Bombay a series of kidnapping takes place and many young women go missing. The police force is also not doing much to stop this until Arjun Verma is assigned to the case.During the ...                See full summary »,,,04:00:00,,1995,,
334,Dobaaraa,"A woman gets an opportunity to save the life of a 12-year old boy who witnessed a death during a thunderstorm which happened 25 years ago, by getting connected through the television set during a similar storm in the present.",,,04:00:00,,2022,,
335,Bol Radha Bol,A man returning from a trip discovers that an impostor has taken over his life.,,,04:00:00,,1992,,
336,Khiladi,"Two friends wage bets for money and fun. There comes a time where they race to win the biggest bet, for they know that their lives depend on it.",,,04:00:00,,1992,,
337,Mother India,"In this melodrama, a poverty-stricken woman raises her sons through many trials and tribulations. But no matter the struggles, she always sticks to her own moral code.",,,04:00:00,,1957,,
338,Sanam Bewafa,"Salman falls in love with Ruksar but their fathers, despite being neighbours, are sworn enemies. The couple end up marrying but they are shocked when they finally discover the reason why their fathers allow the marriage to take place.",,,04:00:00,,1991,,
339,Kabzaa,"In 1947 a Gandhi follower and a freedom fighter were brutally attacked. Due to unavoidable circumstances, the freedom fighter son gets trapped in the mafia world and the story revolves between 1942 to 1986.",,,04:00:00,,2023,,
340,Sangam,"Returning home from war after being assumed dead, a pilot weds the woman he has long loved, unaware that she had been planning to marry his best friend.",,,04:00:00,,1964,,
341,Janhit Mein Jaari,"The story of a young girl, a crusader who takes up a challenging job selling condoms in a small town in MP, India.",,,04:00:00,,2022,,
342,Don,"Vijay is recruited by a police officer to masquerade as his lookalike Don, the leader of an international gang of smugglers. Things go wrong when the officer is killed and Vijay is left to fend for himself.",,,04:00:00,,2006,,
343,Don,"Don, a wanted criminal, dies in a police chase. DSP D'Silva is the only one who knows about his death, and to get hold of the gang he trains Don-lookalike Vijay. But Vijay faces danger from the police and from within the gang.",,,04:00:00,,1978,,
344,Don,A poor man becomes a benevolent gangster but faces threat from an even bigger gangster.,,,04:00:00,,2007,,
345,Haathi Mere Saathi,"Orphaned Raju, in the company of four elephants, has to perform with them at street corners, in order to keep alive. Slowly he amasses a fortune, and is able to build his own private zoo, ...                See full summary »",,,04:00:00,,1971,,
346,Haathi Mere Saathi,"Watch the bond between humans and elephants with Bandevs story as he fights for the protection of his ele-friends. Witness the rage on 'Haathi Mere Saathi', full movie streaming in Hindi on Eros Now.",,,04:00:00,,2021,,
347,Suraj Pe Mangal Bhari,"In the 1990s, a wedding detective has to perform background checks on prospective grooms. In the time before social media and mobile phones, everything has to be done in person.",,,04:00:00,,2020,,
348,Aashiqui,"Rahul and Anu fall in love with each other, but before they unite, they have their own problems to deal with.",,,04:00:00,,1990,,
349,Dhokha: Round D Corner,"When a housewife with a personality disorder is taken hostage by a terrorist on the loose and a husband accused of cheating on his wife, have their own versions of reality, how do we know what the truth is?",,,04:00:00,,2022,,
350,Seeta Aur Geeta,"Long-suffering heiress Seeta is treated worse than a servant by her abusive money-grubbing aunt. Meanwhile, her long-lost twin sister Geeta grows up to be a gutsy street performer. One day, the girls unintentionally swap places.",,,04:00:00,,1972,,
351,Chehre,"An 80-year-old man with a penchant for real life games in a story about rights and wrongs. It's a story about the decisions one makes in their lifetime and the fact that every decision has its repercussions, hearing and judgment.",,,04:00:00,,2021,,
352,Zanjeer,"A tough and honest police officer clashes with a crime boss who, unbeknownst to him, happens to be his parents' murderer.",,,04:00:00,,1973,,
353,Zanjeer,ACP Vijay Khanna is transferred to Mumbai where he will have do deal with the oil mafia led by Rudra Pratap Teja.,,,04:00:00,,2013,,
354,Waqt,"Members of a family are separated in a natural disaster. Several years down the line, they aren't united but their lives are strangely interconnected.",,,04:00:00,,1965,,
355,Qayamat Se Qayamat Tak,"Despite knowing that their respective families are bitter enemies, Raj and Rashmi fall in love with each other and decide to elope.",,,04:00:00,,1988,,
356,Mili,Janhvi Kapoor as a woman stuck in a freezer fighting to stay alive. 'Mili' is the official Hindi remake of the Malayalam thriller 'Helen'.,,,04:00:00,,2022,,
357,Bhangra Paa Le,"Determined to bring traditional bhangra to the world stage, a dancer preps for an international competition against a rival with dreams of her own.",,,04:00:00,,2020,,
358,Salaam Venky,"Sujata, an ideal mother, who battled the most challenging situations one can ever face with a smile.",,,04:00:00,,2022,,
359,Gandhi Godse Ek Yudh,The fictional world where Mahatma Gandhi survives the attack on him and later meets Nathuram Godse in prison. Their conversation leads to a fiery debate between them.,,,04:00:00,,2023,,
360,Shabaash Mithu,"A biopic based on the life and struggles of Mithali Raj, Indian Cricketer, and captain of the Indian National Cricket team.",,,04:00:00,,2022,,
361,Bheed,The toughest times people had to face just to reach their homes.,,,04:00:00,,2023,,
362,Jai Mummy Di,Jai Mummy Di is a light-hearted family comedy that portrays the trials and tribulations a couple has to undergo due to the dynamics between their respective mothers.,,,04:00:00,,2020,,
363,Nikamma,A lazy slacker struggles to get along with his diligent sister-in-law - until they must step up and fight together against a common enemy.,,,04:00:00,,2022,,
364,Zwigato,"A man works as a food delivery rider, grappling with the world of ratings and incentives. To support the income, his homemaker wife begins to explore different work opportunities, with fear but also excitement of a new found independence.",,,04:00:00,,2022,,
